Ponctuel,Vous retrouvez des piles dans un tiroir. ,                                                                                                                     ,0,4,0,0,0,0,0,0,0
Ponctuel,Vous avez récupéré un débris spatial. Une bouteille d'oxygène! ,                                                                                              ,4,0,0,0,0,0,0,0,0
Ponctuel,Vous mettez un pull en plus. ,                                                                                                                                   ,0,0,2,0,0,0,0,0,0
Ponctuel,Vous récupérez des pièces dans l'espace permettant d'améliorer votre moteur! ,                                                                                ,0,2,0,0,-1,0,0,0,0
Dilemme,Vous entrez en contact avec un autre vaisseau. Il est aussi dans le même cas que vous et vous demande si vous pouvez leur céder 10 unités d'oxygène pour tenir. , ,0,0,0,0,0,0,0,0,0
Choix2,Pour vous remercier l'équipage inconnu vous aide à améliorer la survavibilité de votre vaisseau. ,                                                               ,0,0,0,-2,-1,-1,10,5,5
typeCas,txt,tab,oxyvar,elecvar,tempvar,oxypertevar,elecpertevar,temppertevar,oxymaxvar,elecmaxvar,tempmaxvar