Ponctuel,Un mini-astéroïde a percuté la coque de votre vaisseau ,                                                                                                                                               ,0,-4,0,0,0,0,0,0,0
Ponctuel,un court-circuit a été causé par un câble en mauvais état ,                                                                                                                                            ,0,0,0,0,1,0,0,0,0
Ponctuel,une brèche dans la coque a été ouverte ,                                                                                                                                                               ,-2,0,0,1,0,0,0,0,0
Ponctuel,vous vous êtes endormi sur la console et avez appuyé sur un mauvais bouton. ,                                                                                                                          ,-2,-2,-2,0,0,0,0,0,0
Dilemme,vous évaluez si vous pouvez donner un coup de turbo à votre vaisseau. Si vous décidez d'un coup de boost vous consommerez 10 d'énergie mais vous arriverez à gagner 2 heures avant d'être secouru,     ,0,0,0,0,0,0,0,0,0
typeCas,txt,tab,oxyvar,elecvar,tempvar,oxypertevar,elecpertevar,temppertevar,oxymaxvar,elecmaxvar,tempmaxvar