QCM,Quelle est la proportion approximative d’oxygène dans l’air ?,78 %,21 %,10 %,1 %,21 %
QCM,Lorsque l’eau passe de l’état liquide à l’état gazeux; on parle de :,Condensation.,Solidification.,Évaporation.,Sublimation.,Évaporation.
QCM,L’air est un mélange gazeux contenant principalement :,Azote et oxygène.,Dioxyde de carbone et vapeur d’eau.,Oxygène et dioxyde de carbone.,Azote et dioxyde de carbone.,Azote et oxygène.
QCM,L'oxygène dans l’air est principalement produit par :,Les volcans.,La combustion des carburants.,La photosynthèse des plantes.,L’évaporation de l’eau.,La photosynthèse des plantes.
QCM,La photosynthèse produit de l’oxygène à partir de :,Dioxyde de carbone et énergie lumineuse.,Nutriments et chaleur.,Oxygène et glucose.,Azote et dioxyde de carbone.,Dioxyde de carbone et énergie lumineuse.
QCM,Quel gaz constitue la majeure partie de l’atmosphère terrestre ?,Oxygène,Dioxyde de carbone,Azote,Vapeur d’eau,Azote
QCM,Le dioxygène dans l’air est diminué par :,L’activité des volcans.,Les activités humaines (combustion).,La respiration des végétaux.,La condensation de la vapeur d’eau.,Les activités humaines (combustion).
QCM,"Quel est le nom de l’atome ayant le symbole chimique ""O"" ?",Or,Oxygène,Osmium,Ozone,Oxygène
QCM,"Quelle molécule est connue sous le nom de ""molécule d’eau"" ?",CO2,H2O,O2,HCl,H2O
QCM,Quelle particule d’un atome porte une charge positive ?,Neutron,Proton,Électron,Photon,Proton
QCM,Qu’est-ce qu’un plasma ?,Une forme de gaz ionisé contenant des particules chargées,Un liquide utilisé pour stocker l’énergie,Une molécule en état de combustion,Une forme d’atome sans noyau,Une forme de gaz ionisé contenant des particules chargées
QCM,Les molécules d’ozone (O3) dans la stratosphère…,Réchauffent directement la planète,Absorbent les rayons ultraviolets dangereux du soleil,Sont responsables de la pluie acide,Empêchent la formation des nuages,Absorbent les rayons ultraviolets dangereux du soleil
QCM,Quelle est la formule chimique du dioxyde de carbone ?,CO,CO2,C2O2,O2C,CO2
QCM,Quelle est la particularité des gaz rares (ou gaz nobles) comme l’hélium ou l’argon ?,Ils ne réagissent presque jamais avec d’autres éléments,Ils sont extrêmement inflammables,Ils se transforment en métaux à haute température,Ils sont liquides à température ambiante,Ils ne réagissent presque jamais avec d’autres éléments
QCM,Comment appelle-t-on les molécules composées uniquement de carbone et d’hydrogène ?,Hydroxydes,Hydrocarbures,Carbonates,Polymères,Hydrocarbures
QUE,Quel gaz constitue 78 % de l’air que nous respirons ?,-,azote,l'azote,gaz azote,nitrogen
QUE,Quel est le gaz nécessaire à la respiration humaine ?,-,oxygene,oxygène,l'oxigène,l'oxigene
QUE,Quel gaz absorbe les rayons UV dans la stratosphère ?,-,ozone,l'ozone,gaz ozone,le gaz ozone
QUE,Comment appelle-t-on une molécule composée de deux atomes d’oxygène ?,-,dioxygène,dioxygene,le dioxygène,le dioxygene
QUE,Quel est le gaz utilisé pour gonfler des ballons et qui ne brûle pas ?,-,helium,hélium,l'helium,l'hélium
QUE,Quel élément chimique a pour symbole N ?,-,azote,l'azote,gaz azote,nitrogen
QUE,Quel gaz est utilisé pour refroidir rapidement des matériaux ?,-,azote,l'azote,gaz azote,nitrogen
QUE,Quel sucre est produit par la photosynthèse ?,-,glucose,du glucose,le glucose,sucre glucose
QUE,Quel est le gaz libéré par les plantes lors de la photosynthèse ?,-,oxygene,oxygène,l'oxigène,l'oxigene
QUE,Quel organe chez l’humain permet principalement les échanges de gaz avec l’air ?,-,les poumons,le poumon,poumons,poumon
QUE,Quel est le principal gaz qui compose les extincteurs utilisés à bord des vaisseaux spatiaux ?,Indice : Il commence par A.,azote,l'azote,gaz azote,nitrogen
QUE,Quel gaz peut s’accumuler dangereusement dans un vaisseau spatial en cas de fuite d’équipements ?,Indice : Il commence par M.,methane,méthane,le méthane,le methane
QUE,Quelle molécule stocke l’énergie dans les batteries des vaisseaux spatiaux ?,Indice : Elle commence par L.,lithium,le lithium,du lithium,lithium
QUE,Quel est le nom de la molécule qui stocke l’énergie dans les cellules végétales ?,-,amidon,l'amidon,un amidon,amidon
QUE,Quelle molécule est absorbée par les racines des plantes pour leur croissance ?,-,H2O,eau,l'eau,de l'eau
TAT,Les plantes transforment la lumière en énergie chimique en utilisant de la *****; de l’***** et du dioxyde de ***** pour produire du ***** et de l’oxygène.,lumière,eau,carbone,glucose,lumière - eau - carbone - glucose
TAT,L’effet de ***** est causé par des ***** comme le dioxyde de ***** et le méthane qui piègent la chaleur dans l’atmosphère et augmentent la ***** globale.,serre,gaz,carbone,température,serre - gaz - carbone - température
TAT,Dans un vaisseau ***** les systèmes doivent éliminer le ***** de carbone de l’air et produire de l’***** pour maintenir un ***** vital.,spatial,dioxyde,oxygène,système,spatial - dioxyde - oxygène - système
TAT,L’atmosphère terrestre est composée principalement d’***** (78 %); d’***** (21 %) et de petites quantités de gaz comme le ***** de ***** et l’argon.,azote,oxygène,dioxyde,carbone,azote - oxygène - dioxyde - carbone
TAT,La combustion est une réaction ***** où un combustible réagit avec de l’***** pour produire de la chaleur; de la lumière et du ***** de *****.,chimique,oxygène,dioxyde,carbone,chimique - oxygène - dioxyde - carbone
QCM,Quelle molécule est formée par deux atomes d'hydrogène et un atome d'oxygène ?,Ammoniac,Eau,Dioxyde de carbone,Méthane,Eau
QCM,Quelle est la principale cause de la gravité sur Terre ?,Rotation de la Terre,La masse de la Terre,L'atmosphère,La distance au Soleil,La masse de la Terre
QCM,Que produit la combustion d’un combustible dans de l’oxygène ?,Eau et dioxyde de carbone,Oxygène et hydrogène,Ozone et chaleur,Azote et lumière,Eau et dioxyde de carbone
QCM,Quel élément chimique se trouve dans la composition de l'eau ?,Oxygène et azote,Hydrogène et carbone,Hydrogène et oxygène,Azote et hydrogène,Hydrogène et oxygène
QCM,Quelle est la principale source d'énergie pour la Terre ?,L’eau,Le Soleil,L’air,La Terre elle-même,Le Soleil