QCM,Quel est le rôle d’un interrupteur dans un circuit ?,Décorer le circuit,Faire passer ou bloquer l’électricité,Rendre le courant plus rapide,Changer la couleur de l’électricité,Faire passer ou bloquer l’électricité
QCM,Un circuit est dit fermé lorsque :,Le courant circule.,Le courant est bloqué.,La lampe est débranchée.,La tension est nulle.,Le courant circule.
QCM,Quelle est la formule de la loi d’Ohm ?,U=R×I,R=U+I,I=R/U,U=I+R,U=R×I
QCM,L’électricité est-elle visible ?,Oui toujours,Non jamais,Oui mais seulement dans certains cas comme les éclairs,Non sauf dans une ampoule cassée,Oui mais seulement dans certains cas comme les éclairs
QCM,Quelle unité est utilisée pour mesurer la résistance électrique ?,Le volt (V),L’ampère (A),L’ohm (Ω),Le watt (W),L’ohm (Ω)
QCM,Lequel de ces matériaux est un bon conducteur d’électricité ?,Le plastique,Le verre,Le cuivre,Le bois,Le cuivre
QCM,La puissance électrique est donnée par la relation :,P=U/I,P=U×I,P=R×U,P=I/U,P=U×I
QCM,Quel est le rôle des panneaux solaires sur un vaisseau spatial ?,Éclairer la cabine du vaisseau,Alimenter les réacteurs avec énergie chimique,Convertir l'énergie solaire en électricité,Stocker de l'énergie dans des piles,Convertir l'énergie solaire en électricité
QCM,Un multimètre peut être utilisé pour vérifier :,La tension dans une batterie,La position des moteurs,Le niveau de carburant,La température des panneaux solaires,La tension dans une batterie
QCM,Pourquoi les câbles du vaisseau spatial sont recouverts d’isolant ?,Pour empêcher les étincelles,Pour rendre le vaisseau plus léger,Pour améliorer la vitesse du courant,Pour protéger les panneaux solaires,Pour empêcher les étincelles
QCM,Quel composant est utilisé pour stocker l’électricité produite par les panneaux solaires ?,Une résistance,Une batterie,Un interrupteur,Une diode,Une batterie
QCM,Quelle est l’unité de mesure de l’intensité du courant électrique ?,Le volt (V),L’ampère (A),Le watt (W),Le joule (J),L’ampère (A)
QCM,Comment identifier un câble défectueux dans le vaisseau ?,En mesurant sa température,En vérifiant sa conductivité avec un multimètre,En regardant sa couleur,En testant la polarité des autres câbles,En vérifiant sa conductivité avec un multimètre
QCM,Quel est le rôle principal d’un générateur ?,Fournir de l’énergie électrique,Empêcher le courant de passer,Augmenter la longueur des fils,Éteindre le circuit,Fournir de l’énergie électrique
QCM,Que sont les électrons dans un circuit électrique ?,Des particules chargées positivement,Des particules chargées négativement,Des particules neutres,Des particules qui ne bougent pas,Des particules chargées négativement
QUE,Quelle est l’unité de mesure de la tension électrique ?,-,volt,le volt,v,unité volt
QUE,Comment appelle-t-on un circuit dans lequel les dipôles sont branchés les uns à la suite des autres ?,-,Circuit en série,Circuit en serie,Un circuit en série,un circuit en serie
QUE,Comment appelle-t-on un circuit dans lequel les dipôles sont branchés sur plusieurs boucles ?,-,Circuit en dérivation,Circuit en derivation,Un circuit en dérivation,Un circuit en derivation
QUE,Quelle relation mathématique exprime la loi d’Ohm ?,"Précision : Écrivez votre réponse sous la forme ""?=?x?"".",U = R x I,U=RxI,U=R*I,U = R * I
QUE,Quelle relation mathématique permet de calculer la puissance électrique ?,"Précision : Écrivez votre réponse sous la forme ""?=?x?"".",P = U x I,P=UxI,P=U*I,P = U * I
QUE,Quel composant électrique convertit l’énergie chimique en énergie électrique dans un circuit ?,-,Pile,Batterie,une pile,une batterie
QUE,Quel est le nom du composant électrique qui limite l’intensité du courant dans un circuit ?,-,Résistance,Resistance,une résistance,une resistance
QUE,Un appareil du vaisseau consomme 120 watts pendant 3 heures. Quelle est l’énergie totale consommée en watt-heure ? (Utilise la relation E = P × t),"Précision : Écris ta réponse sous la forme ""X Wh""; par exemple ""100 Wh"".",360Wh,360 Wh,360 watt-heure,360 watt heure
QUE,Un système de communication consomme 50 watts en continu. Combien d’énergie sera utilisée en 5 heures ? (Utilise la relation E = P × t),"Précision : Écris ta réponse sous la forme ""X Wh""; par exemple ""100 Wh"".",250Wh,250 Wh,250 watt-heure,250 watt heure
QUE,Un appareil du vaisseau consomme 100 watts lorsqu'il fonctionne à une tension de 10 volts. Quelle est l’intensité du courant qui traverse l'appareil ?,"Précision : Écris ta réponse sous la forme ""X A""; par exemple ""15 A"".",10A,10 A,10 amperes,10 ampères
QUE,Dans un circuit du vaisseau la résistance est de 3 ohms et la tension est de 9 volts. Quelle est l’intensité du courant qui traverse ce circuit ? (Utilise la loi d’Ohm),"Précision : Écris ta réponse sous la forme ""X A""; par exemple ""6 A"".",3A,3 A,3 amperes,3 ampères
QUE,La batterie du vaisseau fournit une tension de 24 volts et la résistance dans le circuit est de 4 ohms. Quelle est l’intensité du courant qui traverse le circuit ? (Utilise la loi d'Ohm),"Précision : Écris ta réponse sous la forme ""X A""; par exemple ""6 A"".",6A,6 A,6 amperes,6 ampères
QUE,Un vaisseau utilise un circuit avec une résistance totale de 3 ohms et une intensité de courant de 5 ampères. Quelle est la tension aux bornes du circuit ? (Utilise la loi d'Ohm),"Précision : Écris ta réponse sous la forme ""X V""; par exemple ""30 V"".",15V,15 V,15 volts,15 volt
QUE,Dans un circuit l'intensité du courant est de 2 ampères et la résistance est de 10 ohms. Quelle est la tension aux bornes du circuit ? (Utilise la loi d'Ohm),"Précision : Écris ta réponse sous la forme ""X V""; par exemple ""40 V"".",20V,20 V,20 volts,20 volt
QUE,Quel est le nom du matériau souvent utilisé pour fabriquer les bobines d'électroaimants en raison de ses propriétés ferromagnétiques ?,-,fer,du fer,le fer,fe
TAT,Pour que l'a****** s'allume il faut qu'elle soit connectée à une s***** d'énergie et que le c****** soit fermé. Une ampoule grillée ne laisse plus passer le c******,ampoule,source,circuit,courant,ampoule - source - circuit - courant
TAT,Dans un circuit en ***** si un composant ne fonctionne pas tout le circuit est coupé. Dans un circuit en ***** les composants restent connectés à la ***** d'énergie même si un des éléments est en *****.,série,parallèle,source,panne,série - parallèle - source - panne
QCM,Si on remplace une pile de 2 V par une pile de 9 V dans un circuit ?,Le courant diminue,L’ampoule brille plus fort,L’ampoule ne s’allume plus,Le circuit est détruit immédiatement,L’ampoule brille plus fort
TAT,Une pile est une s***** d'énergie qui transforme l'énergie c******* en énergie é*********. Une fois déchargée elle ne peut plus fournir de c******.,source,chimique,électrique,courant,source - chimique - électrique - courant
TAT,Les panneaux s******* captent l'énergie du s***** pour produire de l'électricité. Cette énergie peut être stockée dans des b******** pour alimenter le vaisseau s******,solaires,soleil,batteries,spatial,solaires - soleil - batteries - spatial
TAT,Un contact direct avec le courant peut provoquer des b******** graves ou un c*** électrique. Il est important d'utiliser des i******* pour travailler en toute s*******,blessures,choc,isolants,sécurité,blessures - choc - isolants - sécurité
TAT,La loi d'Ohm stipule que la t****** à travers un conducteur est égale à l'intensité du c****** multipliée par la r********* du conducteur. Elle est exprimée par la formule U = R x I où U est la tension R la r********* et I l'intensité.,tension,courant,résistance,résistance,tension - courant - résistance - résistance
TAT,La loi de Joule indique que l'énergie dissipée sous forme de c****** par un conducteur est p************** au carré de l'intensité du c****** multipliée par la résistance. L'énergie est donc donnée par la f****** E = R x I² x t.,chaleur,proportionnelle,courant,formule,chaleur - proportionnelle - courant - formule
TAT,La loi de Kirchhoff stipule que la s**** des courants entrant dans un n**** est égale à la somme des courants sortants. Cela permet de déterminer l'i******** du c****** dans différents circuits du vaisseau en fonction des branches du système.,somme,noeud,intensité,courant,somme - noeud - intensité - courant
TAT,La loi d'Ampère stipule que le c**** magnétique créé par un c****** électrique dans un conducteur est proportionnel à l'intensité du c****** et à la distance du conducteur par rapport au point où le champ est mesuré. Cette loi est importante pour comprendre le fonctionnement des moteurs du vaisseau s******.,champ,courant,courant,spatial,champ - courant - courant - spatial