QCM,Que se passe-t-il lorsque deux ampoules sont connectées en série ?,L'intensité du courant est divisée par deux.,La tension totale est répartie entre les 2 ampoules.,Les ampoules s’éclairent deux fois plus fort.,L’intensité change en fonction de la puissance de la pile.,La tension totale est répartie entre les 2 ampoules.
QCM,Un circuit est dit fermé lorsque :,Le courant circule.,Le courant est bloqué.,La lampe est débranchée.,La tension est nulle.,Le courant circule.
QCM,Quelle est la formule de la loi d’Ohm ?,U=R×I,R=U+I,I=R/U,U=I+R,U=R×I
QCM,Qu’arrive-t-il à l’intensité du courant si la résistance du circuit augmente et que la tension reste constante ?,Elle augmente.,Elle diminue.,Elle reste inchangée.,Elle s’inverse.,Elle diminue.
QCM,Quelle unité est utilisée pour mesurer la résistance électrique ?,Le volt (V),L’ampère (A),L’ohm (Ω),Le watt (W),L’ohm (Ω)
QCM,Lequel de ces matériaux est un bon conducteur d’électricité ?,Le plastique,Le verre,Le cuivre,Le bois,Le cuivre
QCM,La puissance électrique est donnée par la relation :,P=U/I,P=U×I,P=R×U,P=I/U,P=U×I
QUE,Quelle est l’unité de mesure de la tension électrique ?,-,volt,le volt,v,unité volt
QUE,Comment appelle-t-on un circuit dans lequel les dipôles sont branchés les uns à la suite des autres ?,-,Circuit en série,Circuit en serie,Un circuit en série,un circuit en serie
QUE,Comment appelle-t-on un circuit dans lequel les dipôles sont branchés sur plusieurs boucles ?,-,Circuit en dérivation,Circuit en derivation,Un circuit en dérivation,Un circuit en derivation
QUE,Quelle relation mathématique exprime la loi d’Ohm ?,"Précision : Écrivez votre réponse sous la forme ""?=?x?"".",U = R x I,U=RxI,U=R*I,U = R * I
QUE,Quelle relation mathématique permet de calculer la puissance électrique ?,"Précision : Écrivez votre réponse sous la forme ""?=?x?"".",P = U x I,P=UxI,P=U*I,P = U * I
QUE,Quel composant électrique convertit l’énergie chimique en énergie électrique dans un circuit ?,-,Pile,Batterie,une pile,une batterie
QUE,Quel est le nom du composant électrique qui limite l’intensité du courant dans un circuit ?,-,Résistance,Resistance,une résistance,une resistance
QUE,Un appareil du vaisseau consomme 120 watts pendant 3 heures. Quelle est l’énergie totale consommée en watt-heure ? (Utilise la relation E = P × t),"Précision : Écris ta réponse sous la forme ""X Wh"", par exemple ""100 Wh"".",360Wh,360 Wh,360 watt-heure,360 watt heure
QUE,Un système de communication consomme 50 watts en continu. Combien d’énergie sera utilisée en 5 heures ? (Utilise la relation E = P × t),"Précision : Écris ta réponse sous la forme ""X Wh"", par exemple ""100 Wh"".",250Wh,250 Wh,250 watt-heure,250 watt heure
QUE,Un appareil du vaisseau consomme 100 watts lorsqu'il fonctionne à une tension de 10 volts. Quelle est l’intensité du courant qui traverse l'appareil ?,"Précision : Écris ta réponse sous la forme ""X A"", par exemple ""15 A"".",10A,10 A,10 amperes,10 ampères
QUE,"Dans un circuit du vaisseau, la résistance est de 3 ohms et la tension est de 9 volts. Quelle est l’intensité du courant qui traverse ce circuit ? (Utilise la loi d’Ohm)","Précision : Écris ta réponse sous la forme ""X A"", par exemple ""6 A"".",3A,3 A,3 amperes,3 ampères
QUE,La batterie du vaisseau fournit une tension de 24 volts et la résistance dans le circuit est de 4 ohms. Quelle est l’intensité du courant qui traverse le circuit ? (Utilise la loi d'Ohm),"Précision : Écris ta réponse sous la forme ""X A"", par exemple ""6 A"".",6A,6 A,6 amperes,6 ampères
QUE,Un vaisseau utilise un circuit avec une résistance totale de 3 ohms et une intensité de courant de 5 ampères. Quelle est la tension aux bornes du circuit ? (Utilise la loi d'Ohm),"Précision : Écris ta réponse sous la forme ""X Vs"", par exemple ""30 V"".",15V,15 V,15 volts,15 volt
QUE,"Dans un circuit, l'intensité du courant est de 2 ampères et la résistance est de 10 ohms. Quelle est la tension aux bornes du circuit ? (Utilise la loi d'Ohm)","Précision : Écris ta réponse sous la forme ""X V"", par exemple ""40 V"".",20V,20 V,20 volts,20 volt