QCM,Quelle est la proportion approximative d’oxygène dans l’air ?,78 %,21 %,10 %,1 %,21 %
QCM,Lorsque l’eau passe de l’état liquide à l’état gazeux; on parle de :,Condensation.,Solidification.,Évaporation.,Sublimation.,Évaporation.
QCM,L’air est un mélange gazeux contenant principalement :,Azote et oxygène.,Dioxyde de carbone et vapeur d’eau.,Oxygène et dioxyde de carbone.,Azote et dioxyde de carbone.,Azote et oxygène.
QCM,L'oxygène dans l’air est principalement produit par :,Les volcans.,La combustion des carburants.,La photosynthèse des plantes.,L’évaporation de l’eau.,La photosynthèse des plantes.
QCM,La photosynthèse produit de l’oxygène à partir de :,Dioxyde de carbone et énergie lumineuse.,Nutriments et chaleur.,Oxygène et glucose.,Azote et dioxyde de carbone.,Dioxyde de carbone et énergie lumineuse.
QCM,Quel gaz constitue la majeure partie de l’atmosphère terrestre ?,Oxygène,Dioxyde de carbone,Azote,Vapeur d’eau,Azote
QCM,Le dioxygène dans l’air est diminué par :,L’activité des volcans.,Les activités humaines (combustion).,La respiration des végétaux.,La condensation de la vapeur d’eau.,Les activités humaines (combustion).
QCM,"Quel est le nom de l’atome ayant le symbole chimique ""O"" ?",Or,Oxygène,Osmium,Ozone,Oxygène
QCM,"Quelle molécule est connue sous le nom de ""molécule d’eau"" ?",CO2,H2O,O2,HCl,H2O
QCM,Quel est le rôle des racines d’une plante ?,Produire des fleurs,Absorber l’eau et les sels minéraux,Protéger la plante du vent,Faire des fruits,Absorber l’eau et les sels minéraux
QCM,Que mange un herbivore ?,De la viande,Des plantes,Tout ce qu’il trouve,Des graines uniquement,Des plantes
QCM,Quel organe est responsable de la circulation du sang dans le corps ?,Les poumons,Le cerveau,Le cœur,L’estomac,Le cœur
QCM,Quelle est la formule chimique du dioxyde de carbone ?,CO,CO2,C2O2,O2C,CO2
QCM,Où les poissons respirent-ils ?,Dans l’air,Dans l’eau,Dans la terre,Ils ne respirent pas,Dans l’eau
QCM,Quel élément apporte de l’énergie à notre corps ?,L’eau,La nourriture,L’air,Le Soleil,La nourriture
QUE,Quel gaz constitue 78 % de l’air que nous respirons ?,-,azote,l'azote,gaz azote,azote
QUE,Quel est le gaz nécessaire à la respiration humaine ?,-,oxygene,oxygène,l'oxigène,oxygene
QUE,Quel gaz absorbe les rayons UV dans la stratosphère ?,-,ozone,l'ozone,gaz ozone,ozone
QUE,Comment appelle-t-on une molécule composée de deux atomes d’oxygène ?,-,dioxygène,dioxygene,le dioxygène,le dioxygene
QUE,Quel est le gaz utilisé pour gonfler des ballons et qui ne brûle pas ?,-,helium,hélium,l'helium,l'hélium
QUE,Quel élément chimique a pour symbole N ?,-,azote,l'azote,gaz azote,azote
QUE,Quel gaz est utilisé pour refroidir rapidement des matériaux ?,-,azote,l'azote,gaz azote,azote
QUE,Quel sucre est produit par la photosynthèse ?,-,glucose,du glucose,le glucose,glucose
QUE,Quel est le gaz libéré par les plantes lors de la photosynthèse ?,-,oxygene,oxygène,l'oxigène,oxygene
QUE,Quel organe chez l’humain permet principalement les échanges de gaz avec l’air ?,-,les poumons,le poumon,poumons,poumon
QUE,Quel est le principal gaz qui compose les extincteurs utilisés à bord des vaisseaux spatiaux ?,Indice : Il commence par A.,azote,l'azote,gaz azote,nitrogen
QUE,Quel gaz peut s’accumuler dangereusement dans un vaisseau spatial en cas de fuite d’équipements ?,Indice : Il commence par M.,methane,méthane,le méthane,le methane
QUE,Quelle molécule stocke l’énergie dans les batteries des vaisseaux spatiaux ?,Indice : Elle commence par L.,lithium,le lithium,du lithium,lithium
QUE,Que mange un carnivore ?,-,viande,de la viande,la viande,viande
QUE,Quelle molécule est absorbée par les racines des plantes pour leur croissance ?,-,H2O,eau,l'eau,de l'eau
TAT,Les plantes transforment la lumière en énergie chimique en utilisant de la l******; de l’e** et du dioxyde de c****** pour produire du g****** et de l’oxygène.,lumière,eau,carbone,glucose,lumière - eau - carbone - glucose
TAT,L’effet de s**** est causé par des g** comme le dioxyde de c****** et le méthane qui piègent la chaleur dans l’atmosphère et augmentent la t********** globale.,serre,gaz,carbone,température,serre - gaz - carbone - température
TAT,Dans un vaisseau s****** les systèmes doivent éliminer le d****** de carbone de l’air et produire de l’o****** pour maintenir un s****** vital.,spatial,dioxyde,oxygène,système,spatial - dioxyde - oxygène - système
TAT,L’atmosphère terrestre est composée principalement d’a**** (78 %); d’o****** (21 %) et de petites quantités de gaz comme le d****** de c****** et l’argon.,azote,oxygène,dioxyde,carbone,azote - oxygène - dioxyde - carbone
TAT,La combustion est une réaction c******* où un combustible réagit avec de l’o****** pour produire de la chaleur; de la lumière et du d****** de c******,chimique,oxygène,dioxyde,carbone,chimique - oxygène - dioxyde - carbone
QCM,Quelle molécule est formée par deux atomes d'hydrogène et un atome d'oxygène ?,Ammoniac,Eau,Dioxyde de carbone,Méthane,Eau
QCM,Pourquoi l’eau est-elle essentielle aux êtres vivants ?,Elle nettoie les cellules,Elle transporte les nutriments dans le corps,Elle donne de l’énergie directement,Elle permet de respirer,Elle transporte les nutriments dans le corps
QCM,Comment appelle-t-on les animaux qui vivent dans l’eau et sur terre ?,Les reptiles,Les mammifères,Les amphibiens,Les oiseaux,Les amphibiens
QCM,Quel est le nom donné à l’ensemble des êtres vivants et des éléments non vivants d’un endroit ?,Un écosystème,Une espèce,Un habitat,Une population,Un écosystème
QCM,Quelle est la principale source d'énergie pour la Terre ?,L’eau,Le Soleil,L’air,La Terre elle-même,Le Soleil