QCM,En quelle année Les premiers hommes ont marché sur la Lune ?,1972,1965,1962,1969,1969
QCM,Quel est le premier être vivant à être envoyé dans l'espace ?,Un tardigrade,Un humain,Un chien,Un poisson,Un chien
QUE,Quel est le nom de la chienne envoyée dans la navette de la mission Spoutnik 2 ?,-,Laika,Laïka,-,-
QCM,Quel est le prénom de l'astronaute Armstrong ayant marché sur la Lune lors de la mission Apollo II ?,Niels,Miles,Nile,Neil,neil
TAT,La S****** S******* I************* est le nom de la sation spatiale ayant accueilli Thomas P****** en 2016,station,spatiale,internationale,pesquet, station - spatiale - internationale - pesquet
QCM,Quel est la masse d'une combinais complète d'exploration dans l'espace,30 kg,70 kg,120 kg,150kg,120 kg
QUE, à combien de minutes lumières se trouve le Soleil par rapport à la Terre ?,écrivez seulement la valeur,8,huit,hui,-
QCM, Combien d'astronautes composaient l'équipage de la mission Apollo II ?,8,2,3,4,3
TAT, Complétez l'ordre des planètes du système solaire : Mercure - **** - Terre - **** - **** - Saturne - Uranus - ****,venus,mars,jupiter,neptune, Venus - Mars - Jupiter - Neptune
QCM, durant quelle saison chez nous la Terre est-elle la plus éloignée du Soleil ?,Été,Hiver,Automne,Printemps,Hiver
QCM, Comment appelle-t-on la deuxième loi de Kepler ?,Loi des aires,Loi des forces, Loi de l'attraction, Loi des orbites,Loi des aires
QUE, Comment se nomme le centre chargé du programme saptial français ?,-,cnes,centre national d'études saptiales,-,-
QCM, Combien de satellites naturels possède Mars ?,5,1,2,10,2
QUE, Combien y a-t-il de planètes dans le système solaire ?,-,8,huit,hui,-
QUE, quel est le type de planète de Jupiter ou Saturne ?,-,gazeuse,planète gazeuse,-,-

