QCM,Quelle est la proportion approximative d’oxygène dans l’air ?,78 %,21 %,10 %,1 %,21 %
QCM,Lorsque l’eau passe de l’état liquide à l’état gazeux; on parle de :,Condensation.,Solidification.,Évaporation.,Sublimation.,Évaporation.
QCM,L’air est un mélange gazeux contenant principalement :,Azote et oxygène.,Dioxyde de carbone et vapeur d’eau.,Oxygène et dioxyde de carbone.,Azote et dioxyde de carbone.,Azote et oxygène.
QCM,L'oxygène dans l’air est principalement produit par :,Les volcans.,La combustion des carburants.,La photosynthèse des plantes.,L’évaporation de l’eau.,La photosynthèse des plantes.
QCM,La photosynthèse produit de l’oxygène à partir de :,Dioxyde de carbone et énergie lumineuse.,Nutriments et chaleur.,Oxygène et glucose.,Azote et dioxyde de carbone.,Dioxyde de carbone et énergie lumineuse.
QCM,Quel gaz constitue la majeure partie de l’atmosphère terrestre ?,Oxygène,Dioxyde de carbone,Azote,Vapeur d’eau,Azote
QCM,Le dioxygène dans l’air est diminué par :,L’activité des volcans.,Les activités humaines (combustion).,La respiration des végétaux.,La condensation de la vapeur d’eau.,Les activités humaines (combustion).
