QCM,À quelle température l’eau pure passe-t-elle de l’état solide à l’état liquide (à pression normale) ?,-100 °C,0 °C,50 °C,100 °C,0 °C
QCM,Que se passe-t-il lorsque la température d’un corps augmente ?,Les molécules se déplacent moins.,Les molécules se déplacent davantage.,Les molécules changent de composition.,es molécules se transforment en atomes.,Les molécules se déplacent davantage.
QCM,L’eau pure entre en ébullition à une température de :,0 °C,50 °C,100 °C,150 °C,100 °C
QCM,Quel matériau est un bon conducteur thermique ?,Le bois,Le plastique,Le métal,La laine,Le métal
QCM,Comment varie la température d’un objet lorsqu’il est chauffé ?,Elle diminue,Elle reste stable,Elle augmente,Elle disparaît,Elle augmente
QCM,Un corps noir est un objet qui :,Reflet la lumière.,Absorbe toute la lumière et la chaleur qui l’atteint.,Reflète toute la lumière et absorbe uniquement la chaleur.,N’absorbe ni lumière ni chaleur.,Absorbe toute la lumière et la chaleur qui l’atteint.
QCM,L’échelle de température qui utilise le zéro absolu est :,Celsius.,Fahrenheit.,Kelvin.,Rankine.,Kelvin.
QCM,Quelle est la température moyenne de l'espace loin des étoiles et des planètes ?,-100°C,-270°C,0°C,100°C,-270°C
QCM,Que se passe-t-il lorsque la température d’un solide atteint son point de fusion ?,Il reste solide,Il se transforme en gaz,Il se transforme en liquide,Il disparaît,Il se transforme en liquide
QCM,Lors de la combustion d'un carburant quelle énergie est principalement produite ?,De l'énergie thermique,De l'énergie cinétique,De l'énergie électrique,De l'énergie chimique,De l'énergie thermique
QCM,Dans l'espace les objets sont généralement :,Solides,Liquides,Gaz,Plasma,Plasma
QCM,Quel changement d'état correspond à la transformation d'un gaz en liquide ?,Fusion,Sublimation,Condensation,Vaporisation,Condensation
QCM,Combien de planètes gravitent autour du Soleil dans le système solaire ?,5,7,8,10,8
QCM,Quelle est la plus grande planète du système solaire ?,Saturne,Jupiter,Neptune,Uranus,Jupiter
QCM,Quelle est la planète la plus chaude du système solaire ?,Mercure,Vénus,Mars,Terre,Vénus
QUE,Quel est l’état de l’eau à 0°C ?,-,solide,état solide,etat solide,solide
QUE,La température dans l’espace est généralement de :,Précision : ne pas mettre le symbole °C et arrondir à l'unité,-270,-270,-273,-273
QUE,À quelle température l’eau bout-elle sous pression normale ?,Précision : ne pas mettre le symbole °C,100,100,100°C,100
QUE,À quelle température l'eau fond-elle ?,Précision : ne pas mettre le symbole °C,0,zero,zéro,0°C
QUE,Dans l’espace quel élément est essentiel pour que la combustion ait lieu ?,-,oxygène,oxygene,l'oxygène,l'oxygene
QUE,Quel terme désigne le passage de l'état solide à l'état liquide ?,-,fusion,la fusion,fusion,fusion
QUE,Quel processus transforme un gaz en liquide ?,-,condensation,condansation,la condensation,condensation
QUE,Quel est le nom du processus qui transforme un liquide en gaz ?,-,vaporisation,vaporisassion,vaporization,vaporisation
QUE,Quel est le nom du changement d'état du liquide au solide ?,-,solidification,solidicassion,solidification,solidification
QUE,Quel est le nom de l'étoile la plus proche de la Terre ?,-,soleil,le soleil,sun,soleil
QUE,De quoi sont principalement composées les étoiles ?,-,hydrogène,l'hydrogène,d'hydrogène,hydrogène
QUE,Quelle couleur représente les étoiles les plus chaudes ?,-,bleu,bleue,blue,bleu
QUE,Quel est le processus qui fait briller les étoiles ?,-,fusion,la fusion,une fusion,fusion
QUE,Quel élément domine dans la composition du spectre des étoiles ?,-,hydrogène,l'hydrogène,hydrogene,l'hydrogene
QUE,Quelle couleur représente les étoiles les plus froides ?,-,rouge,le rouge,du rouge,rouge
QCM,Quelle est l'étoile la plus proche de la Terre après le Soleil ?,Proxima Centauri,Alpha Centauri,Sirius,Betelgeuse,Proxima Centauri
QCM,Quel type d'étoile est le Soleil ?,Supergéante,Naine rouge,Naine jaune,Géante bleue,Naine jaune
QCM,Quel est le processus qui permet aux étoiles de briller ?,Fission,Fusion,Solidification,Combustion,Fusion
QCM,Quel est le nom de l'explosion d'une étoile massive ?,Pulsar,Supernova,Trou noir,Quasar,Supernova
QCM,Quelle unité est utilisée pour mesurer les distances entre les étoiles ?,Kilomètres,Années-lumière,Mètres,Parsecs,Années-lumière
QCM,Quel élément chimique compose principalement le cœur des étoiles ?,Oxygène,Carbone,Hydrogène,Azote,Hydrogène
QCM,Quelle est la température de surface du Soleil ?,3 500°C,5 500°C,6 000°C,10 000°C,5 500°C
QCM,Qu'est-ce qu'une naine blanche ?,Une étoile très massive en fin de vie,Un résidu d'étoile de faible masse après la fin de sa fusion,Un type de nébuleuse,Une étoile qui se trouve au centre d’une galaxie,Un résidu d'étoile de faible masse après la fin de sa fusion
QCM,Que produit la fusion de l'hydrogène dans le noyau des étoiles ?,Chaleur,Lumière,Énergie,Toutes les réponses ci-dessus,Toutes les réponses ci-dessus
QCM,Quel est le nom de notre galaxie ?,Andromède,Voie lactée,Sombrero,Whirlpool,Voie lactée
QCM,Quel phénomène magnétique affecte souvent les étoiles en particulier le Soleil ?,Tempêtes solaires,Éruptions terrestres,Cyclones cosmiques,Étoiles filantes,Tempêtes solaires
QCM,Quelle est la partie centrale d'une étoile où a lieu la fusion nucléaire ?,Atmosphère,Noyau,Couronne,Mantle,Noyau
QCM,La fusion de quel élément dans les étoiles produit de l'hélium ?,Oxygène,Hydrogène,Carbone,Azote,Hydrogène
QCM,Qu’utilise-t-on pour mesurer la température ?,Une balance,Un thermomètre,Un chronomètre,Une règle,Un thermomètre
QCM,Quelle est la température normale du corps humain ?,25 °C,37 °C,50 °C,100 °C,37 °C